sample_id,source_version,question_summary,matched_topic,expected_topic,cardiology_relevance,topic_correctness,matched_term_role,error_type,keep_for_cardiology_dataset,keep_for_error_analysis,reason,original_note
q0114,llm_supervised,LLM primary topic: Infective endocarditis risk factor (predisposing factor),mitral regurgitation,Infective endocarditis risk factor / Mitral valve vegetation,yes,partial,prerequisite,partial_match,yes,yes,本题核心是感染性心内膜炎的易感因素或危险因素；mitral regurgitation/二尖瓣病变可作为心内膜炎相关瓣膜背景，但不是完整主考点，因此标为 partial。,LLM relevance note: The question centers on infective endocarditis with mitral valve vegetation and asks for the strongest predisposing factor.
q0025,llm_supervised,LLM primary topic: Congenital heart disease evaluation/management (cyanosis with continuous murmur and differential limb perfusion),tetralogy of Fallot,Congenital heart disease evaluation / Cyanotic heart disease with continuous murmur,yes,partial,distractor,vague_topic,yes,yes,本题核心是根据发绀、连续性杂音和肢体灌注差异判断先天性心脏病并选择下一步处理；tetralogy of Fallot 属于发绀型先心病相关诊断，但题干线索并不明确等同于法洛四联症，因此标为 partial。,"LLM relevance note: The question tests the next management step for a suspected congenital cardiac lesion based on cyanosis, continuous murmur, and abnormal femoral pulses/perfusion."
q0281,llm_supervised,LLM primary topic: Mechanism of a drug used in congestive heart failure causing gynecomastia (site of action in the kidney),heart failure,Spironolactone mechanism in congestive heart failure / Collecting duct mineralocorticoid receptor antagonism,yes,partial,primary_disease,partial_match,yes,yes,本题核心是心衰治疗药物导致男性乳房发育的机制及其肾脏作用部位，通常指向螺内酯；heart failure 是核心临床背景，但真实考点更具体为药物机制，因此标为 partial。,"LLM relevance note: The question tests the renal site of action of a drug added for congestive heart failure, linking the clinical improvement and adverse effect to a specific mechanism."
q0250,llm_supervised,LLM primary topic: Reversible regional wall motion abnormality after revascularization (hibernating myocardium),hypertension,Hibernating myocardium after coronary revascularization,yes,incorrect,distractor,vague_topic,yes,yes,本题核心是冠脉闭塞经血运重建后可逆性室壁运动异常，即冬眠心肌；hypertension 与主考点不一致，只是宽泛心血管背景或误匹配，因此标为 incorrect。,LLM relevance note: The question tests a cardiology mechanism and investigation (echocardiographic changes) in the setting of coronary occlusion treated with angioplasty/stenting.
q0228,llm_supervised,LLM primary topic: heart failure trial applicability (carvedilol vs metoprolol),heart failure,Heart failure trial applicability / Beta-blocker comparison,yes,partial,primary_disease,partial_match,yes,yes,本题核心是慢性收缩性心衰中 carvedilol 与 metoprolol 随机试验结果适用人群的判断；heart failure 是核心疾病背景，但真实考点更具体为临床试验适用性，因此标为 partial。,LLM relevance note: The question asks which patient population matches a randomized clinical trial in chronic systolic heart failure and beta-blocker outcomes.
q0142,llm_supervised,LLM primary topic: Pulmonary hypertension/right heart failure physiology and analogous disease process,pulmonary embolism,Pulmonary hypertension / Right heart failure physiology,yes,partial,prerequisite,partial_match,yes,yes,本题核心是肺动脉高压导致右心室扩张和右心衰的生理机制及类比疾病过程；pulmonary embolism 可作为导致肺血管阻力升高和肺高压的相关病因/前置机制之一，但不是完整主考点，因此标为 partial。,LLM relevance note: The question centers on cardiology evaluation of pulmonary hypertension with right ventricular dilation and asks for the most analogous disease process.
q0104,llm_supervised,LLM primary topic: Cause of rust-colored sputum and bibasilar crackles/wheezing (cardiogenic vs other etiologies),tetralogy of Fallot,Left heart failure / Cardiogenic pulmonary edema,partial,incorrect,distractor,vague_topic,no,yes,本题核心是根据铁锈色痰、双肺底啰音/喘鸣判断病因，并涉及左心衰或心源性肺水肿等鉴别；tetralogy of Fallot 与主考点不一致，属于错误匹配，不适合纳入核心心血管 QA 数据集。,LLM relevance note: The question asks which cause is associated with the exam findings and includes left heart failure as the key cardiology-related option.
q0089,llm_supervised,LLM primary topic: Post–myocardial infarction complication cause (Dressler’s syndrome),myocardial infarction,Dressler syndrome / Post-myocardial infarction pericarditis,yes,partial,prerequisite,partial_match,yes,yes,本题核心是心肌梗死后并发 Dressler 综合征/心包炎的机制或病因；myocardial infarction 是关键前置事件，但真实主考点是 MI 后并发症，因此标为 partial。,LLM relevance note: The question tests a cardiology diagnosis and mechanism/cause following a recent ST-elevation myocardial infarction using ECG and clinical features.
q0432,llm_supervised,LLM primary topic: Congenital heart disease diagnosis (murmur characterization),infective endocarditis,Congenital heart disease diagnosis based on murmur characterization,yes,incorrect,distractor,vague_topic,yes,yes,本题核心是根据杂音性质、时相和传导判断具体先天性心脏病；infective endocarditis 与主考点不一致，属于先心病/杂音题中的主题误匹配。,LLM relevance note: The question tests identification of a specific congenital cardiac diagnosis based on clinical findings and murmur timing/radiation.
q0032,llm_supervised,LLM primary topic: Prosthetic valve endocarditis organism characteristics,mitral regurgitation,Prosthetic valve endocarditis / Causative organism characteristics,yes,partial,manifestation,partial_match,yes,yes,本题核心是人工瓣感染性心内膜炎及相关病原体特征；mitral regurgitation 或新发瓣膜杂音可作为心内膜炎的瓣膜受累表现，但不是完整主考点，因此标为 partial。,LLM relevance note: The question tests a cardiology-related diagnosis (prosthetic valve endocarditis) and asks for organism-associated characteristics based on echocardiographic vegetations and new murmur.
q0030,llm_supervised,LLM primary topic: Acute heart failure treatment mechanism (medication property affecting preload/venous return),myocardial infarction,Acute heart failure treatment mechanism / Preload reduction,yes,incorrect,distractor,vague_topic,yes,yes,本题核心是急性心衰治疗药物通过降低前负荷/静脉回流改善症状的机制；myocardial infarction 可能是急性心衰背景之一，但不是题目主考点，属于主题误匹配。,LLM relevance note: The question tests a cardiology medication’s hemodynamic property in an acute presentation with signs of heart failure.
q0095,llm_supervised,LLM primary topic: Pulmonary hypertension genetics (right ventricular hypertrophy),heart failure,Pulmonary arterial hypertension / BMPR2 mutation,yes,partial,complication,partial_match,yes,yes,本题核心是肺动脉高压、右室肥厚及其相关基因突变，通常指向 BMPR2；heart failure 与右心衰表现相关，但不是主考点，因此标为 partial。,LLM relevance note: The question tests a cardiopulmonary diagnosis (pulmonary hypertension/right ventricular hypertrophy) and asks about its associated gene mutation.
q0223,llm_supervised,LLM primary topic: eplerenone effect on all-cause mortality after acute myocardial infarction with heart failure,heart failure,Eplerenone after acute myocardial infarction with heart failure / Mortality benefit,yes,partial,primary_disease,partial_match,yes,yes,本题核心是急性心肌梗死合并心衰患者使用 eplerenone 后对全因死亡率的影响；heart failure 是核心临床背景，但真实考点更具体为药物/临床试验结局，因此标为 partial。,LLM relevance note: The question tests a cardiology clinical trial outcome (relative risk reduction in all-cause mortality) in patients with acute myocardial infarction complicated by heart failure.
q0238,llm_supervised,LLM primary topic: Amiodarone adverse effects,coronary artery disease,Amiodarone adverse effects,partial,incorrect,treatment_context,treatment_context_confusion,no,yes,本题核心是胺碘酮长期不良反应；coronary artery disease 只是室性心动过速或心血管用药背景，不是主考点，因此不纳入核心心血管 QA 数据集。,LLM relevance note: The question tests a cardiology-related medication (amiodarone) used for ventricular tachycardia and asks about its long-term adverse effects.
q0517,llm_supervised,LLM primary topic: Management of unstable arrhythmia with hypotension and irregular tachycardia,hypertension,Unstable tachyarrhythmia management / Synchronized cardioversion,yes,incorrect,past_history,past_history_distraction,yes,yes,本题核心是低血压休克合并不规则快速心律失常时的紧急处理，通常指向同步电复律；hypertension 只是背景病史，不是主考点。,LLM relevance note: The question tests immediate cardiology management of an unstable rhythm (ECG with irregular tachycardia and shock), requiring an appropriate next step such as cardioversion or antiarrhythmic therapy.
q0027,llm_supervised,LLM primary topic: Underlying cause of syncope due to polymorphic ventricular tachycardia (cardiac channelopathy/ECG mechanism),hypertension,Polymorphic ventricular tachycardia / Long QT or cardiac channelopathy,yes,incorrect,distractor,vague_topic,yes,yes,本题核心是晕厥伴多形性室速的病因判断，通常涉及长 QT、Brugada 等心脏离子通道病或 ECG 机制；hypertension 与主考点不一致，属于心血管题中的主题误匹配。,"LLM relevance note: The question centers on diagnosing the cause of syncope with telemetry-confirmed polymorphic ventricular tachycardia and ECG-based options (e.g., prolonged QT, Brugada)."
q0203,llm_supervised,LLM primary topic: Acute decompensated heart failure vs other acute causes of dyspnea,hypertension,Acute decompensated heart failure,yes,incorrect,past_history,past_history_distraction,yes,yes,本题核心是急性呼吸困难的鉴别诊断，并且临床表现指向急性失代偿性心力衰竭；hypertension 只是常见危险因素或背景病史，不是主考点。,"LLM relevance note: The question asks for the most likely diagnosis among options including acute decompensated heart failure, using clinical findings consistent with cardiac decompensation."
q0429,llm_supervised,LLM primary topic: Medication modification in a patient with congestive heart failure and hypertension presenting with erectile dysfunction,heart failure,Heart failure medication modification in erectile dysfunction,yes,partial,primary_disease,partial_match,yes,yes,本题核心是在充血性心衰和高血压背景下，因勃起功能障碍进行药物调整；heart failure 是关键临床背景，但真实考点更具体为用药调整和副作用处理，因此标为 partial。,"LLM relevance note: The question asks for the most appropriate medication change in a patient with congestive heart failure and hypertension, making the tested concept cardiology/heart-failure–related."
q0225,llm_supervised,LLM primary topic: Infective endocarditis (tricuspid valve) causative organism,mitral regurgitation,Tricuspid valve infective endocarditis / Causative organism,yes,incorrect,distractor,vague_topic,yes,yes,本题核心是三尖瓣感染性心内膜炎及其常见致病菌；mitral regurgitation 与三尖瓣心内膜炎的主考点不一致，属于瓣膜/心内膜炎题中的主题误匹配。,LLM relevance note: The question tests a cardiac diagnosis (tricuspid valve endocarditis) and asks for the most likely causative organism.
q0459,llm_supervised,LLM primary topic: Type 1 error in clinical studies (trial statistics),heart failure,Type I error in clinical trial statistics,partial,incorrect,calculation_context,calculation_context_confusion,no,yes,本题使用心衰临床试验作为背景，但真正考点是统计学中的 I 类错误定义；heart failure 只是研究场景，不是医学主考点，因此不纳入核心心血管 QA 数据集。,"LLM relevance note: The question uses a heart failure trial context but tests the statistical definition of a type 1 error, which is not a cardiology-specific concept."
q0284,llm_supervised,LLM primary topic: Stable angina etiology (coronary atherosclerosis/thrombus mechanism),myocardial infarction,Stable angina due to coronary atherosclerosis,yes,partial,prerequisite,partial_match,yes,yes,本题核心是稳定型劳力性心绞痛的病因，通常为冠状动脉粥样硬化导致供需失衡；myocardial infarction 与冠脉粥样硬化机制相关，但不是当前稳定型心绞痛的完整主考点，因此标为 partial。,"LLM relevance note: The question tests the most likely cause of exertional chest pain consistent with angina, focusing on coronary atherosclerotic mechanisms."
q0006,llm_supervised,LLM primary topic: Congestive heart failure medication to improve survival,heart failure,Congestive heart failure survival-improving medication,yes,partial,primary_disease,partial_match,yes,yes,本题核心是充血性心力衰竭患者选择能改善生存率的药物；heart failure 是核心疾病背景，但真实考点更具体为药物治疗和预后获益，因此标为 partial。,LLM relevance note: The question tests a cardiology treatment decision for class IV congestive heart failure to improve overall survival.
q0163,llm_supervised,LLM primary topic: Stroke volume physiology and factors that decrease it,coronary artery disease,Stroke volume physiology / Factors decreasing stroke volume,yes,incorrect,distractor,vague_topic,yes,yes,本题核心是每搏量生理学及导致每搏量下降的因素；coronary artery disease 可能与心功能下降相关，但不是本题主考点，属于心血管生理题中的主题误匹配。,"LLM relevance note: The question tests cardiology physiology (stroke volume) and asks which scenario would decrease it, with heart failure as a key option."
q0537,llm_supervised,LLM primary topic: Infective endocarditis causative organism (mitral valve vegetations),mitral regurgitation,Infective endocarditis causative organism / Mitral valve vegetation,yes,partial,manifestation,partial_match,yes,yes,本题核心是根据二尖瓣赘生物诊断感染性心内膜炎并判断最可能致病菌；mitral regurgitation 或二尖瓣异常可作为瓣膜受累表现/背景，但不是完整主考点，因此标为 partial。,LLM relevance note: The question centers on diagnosing infective endocarditis via mitral valve vegetations and asks for the most likely causative organism.
q0348,llm_supervised,LLM primary topic: Congestive heart failure causing hepatic congestion,pulmonary embolism,Congestive heart failure with congestive hepatopathy,yes,incorrect,distractor,vague_topic,yes,yes,本题核心是充血性心力衰竭导致肝淤血/淤血性肝病；pulmonary embolism 与主考点不一致，属于心肺急症相关概念下的主题误匹配。,LLM relevance note: The question tests a cardiac cause (heart failure leading to liver changes) rather than incidental history.
q0525,llm_supervised,LLM primary topic: Monitoring therapeutic efficacy/adherence in atrial fibrillation on warfarin,atrial fibrillation,Atrial fibrillation anticoagulation monitoring / Warfarin efficacy,yes,partial,primary_disease,partial_match,yes,yes,本题核心是房颤患者使用华法林后的抗凝疗效或依从性监测；atrial fibrillation 是核心疾病背景，但真实考点更具体为抗凝监测，因此标为 partial。,"LLM relevance note: The question tests appropriate study selection for monitoring anticoagulation efficacy in a patient with atrial fibrillation (warfarin), which is cardiology-related."
q0159,llm_supervised,LLM primary topic: Arrhythmia mechanism (irregular rapid rhythm/palpitations),hypertension,Arrhythmia mechanism / Irregular rapid rhythm,yes,incorrect,past_history,past_history_distraction,yes,yes,本题核心是心悸伴不规则快速心律的心律失常机制判断；hypertension 只是背景危险因素，不是主考点，因此标为 incorrect。,LLM relevance note: The question tests the cause of an acute arrhythmia presentation with ECG findings in a patient with palpitations and an irregular rhythm.
q0220,llm_supervised,LLM primary topic: Acute pericarditis vs other cardiac causes of chest pain (ECG findings),angina,Acute pericarditis / ECG findings in pleuritic chest pain,yes,partial,manifestation,partial_match,yes,yes,本题核心是根据胸痛特点、听诊和 ECG 表现判断急性心包炎；angina 与胸痛鉴别相关，但不是主考点，因此标为 partial。,"LLM relevance note: The question tests a cardiology diagnosis and mechanism based on chest pain features, auscultation, and characteristic ECG changes."
q0344,llm_supervised,LLM primary topic: Antiarrhythmic drug selection based on QT interval effects during stress testing,atrial fibrillation,Atrial fibrillation antiarrhythmic drug selection / QT interval effect,yes,partial,primary_disease,partial_match,yes,yes,本题核心是根据 QT 间期变化判断房颤治疗相关抗心律失常药物；atrial fibrillation 是核心疾病背景，但真实考点更具体为抗心律失常药物选择和药理作用，因此标为 partial。,LLM relevance note: The question tests cardiology pharmacology by linking chronic atrial fibrillation treatment and QT interval behavior to identify the most likely drug.
q0539,llm_supervised,LLM primary topic: Advanced cardiac life support management of pulseless arrhythmia after STEMI,myocardial infarction,ACLS management of pulseless arrhythmia after STEMI,yes,partial,prerequisite,partial_match,yes,yes,本题核心是 STEMI 后无脉性心律失常的高级心脏生命支持处理；myocardial infarction 是关键前置事件和临床背景，但真实考点更具体为 ACLS 急救处理，因此标为 partial。,LLM relevance note: The question tests cardiology-specific resuscitation steps for a pulseless rhythm in the setting of STEMI.
q0094,llm_supervised,LLM primary topic: Aortic valve disease (early diastolic murmur) etiology,aortic stenosis,Aortic regurgitation etiology / Early diastolic blowing murmur,yes,incorrect,distractor,vague_topic,yes,yes,本题核心是沿胸骨左缘放射的舒张早期吹风样杂音，提示主动脉瓣反流及其病因；aortic stenosis 与主动脉瓣反流不同，属于瓣膜病内部的主题误匹配。,LLM relevance note: The question tests the cause of a specific cardiac valve finding (early diastolic blowing murmur radiating along the left sternal border).
q0389,llm_supervised,LLM primary topic: Investigation for suspected pulmonary embolism,pulmonary embolism,Suspected pulmonary embolism / Diagnostic investigation,yes,correct,primary_disease,correct,yes,no,本题核心是疑似肺栓塞的下一步检查；matched_topic 为 pulmonary embolism，与主考点一致，可作为正确心血管/心肺血栓栓塞相关 QA 样本。,"LLM relevance note: The question tests the immediate next investigation for suspected recurrent pulmonary embolism, a cardiopulmonary thromboembolic condition."
q0099,llm_supervised,LLM primary topic: Management of bradycardia/ECG abnormality in a patient with congestive heart failure,hypertension,Symptomatic bradycardia / ECG-guided initial management in heart failure patient,yes,incorrect,past_history,past_history_distraction,yes,yes,本题核心是有充血性心衰背景的症状性心动过缓或 ECG 异常的初始处理；hypertension 只是背景病史，不是主考点。,LLM relevance note: The question tests an initial management step based on ECG findings in a symptomatic patient with known congestive heart failure.
q0367,llm_supervised,LLM primary topic: Cardiac cause of heart failure symptoms (pericardial thickening/calcifications),myocardial infarction,Constrictive pericarditis / Pericardial thickening and calcification,yes,partial,prerequisite,partial_match,yes,yes,本题核心是心包增厚/钙化导致的心衰样症状，提示缩窄性心包炎；myocardial infarction 可能是既往心脏病背景，但不是当前主考点，因此标为 partial。,"LLM relevance note: The question asks for the most likely explanation of cardiopulmonary symptoms with prior myocardial infarction and findings consistent with a cardiac etiology (eg, myocarditis/pericardial disease)."
q0352,llm_supervised,LLM primary topic: Cause of dilated cardiomyopathy/heart failure symptoms based on ECG/echo findings,hypertension,Dilated cardiomyopathy / Heart failure etiology,yes,incorrect,past_history,past_history_distraction,yes,yes,本题核心是根据 ECG/echo 判断扩张型心肌病或心衰病因；hypertension 只是可能的危险因素或背景病史，不是完整主考点，因此标为 incorrect。,LLM relevance note: The question centers on a cardiac diagnosis and its most likely cause using echocardiogram and ECG findings.
q0309,llm_supervised,LLM primary topic: Congenital heart disease diagnosis (PDA/VSD/ASD/Tetralogy of Fallot) based on murmur and symptoms,mitral regurgitation,Congenital heart disease diagnosis based on murmur and symptoms,yes,incorrect,distractor,vague_topic,yes,yes,本题核心是根据杂音、震颤、呼吸困难和疲劳判断先天性心脏病类型；mitral regurgitation 与先天性心脏病鉴别主考点不一致，属于主题误匹配。,"LLM relevance note: The question asks for the most likely cardiac diagnosis using classic congenital heart findings (murmur with thrill, dyspnea, fatigue)."
q0135,llm_supervised,LLM primary topic: Carcinoid heart disease affecting pulmonic and tricuspid valves and associated lab abnormalities,aortic stenosis,Carcinoid heart disease / Right-sided valvular lesions,yes,incorrect,distractor,vague_topic,yes,yes,本题核心是类癌心脏病累及肺动脉瓣和三尖瓣，并结合相关实验室异常判断；aortic stenosis 与右心瓣膜受累不一致，属于瓣膜病内部的主题误匹配。,LLM relevance note: The question tests a cardiac diagnosis (valvular involvement causing a new murmur) and asks which lab abnormality is most likely in that condition.
q0413,llm_supervised,LLM primary topic: Prehospital management of suspected acute coronary syndrome/MI,angina,Acute coronary syndrome / Prehospital MI management,yes,partial,manifestation,partial_match,yes,yes,本题核心是疑似急性冠脉综合征/心肌梗死的院前处理；angina 与缺血性胸痛表现相关，但真实考点更具体为 ACS/MI 处理策略，因此标为 partial。,LLM relevance note: The question tests cardiology-specific diagnosis and prehospital treatment strategy for ongoing ischemic chest pain with ECG findings.
q0022,llm_supervised,LLM primary topic: Coarctation of the aorta diagnosis,coarctation of the aorta,Coarctation of the aorta diagnosis,yes,correct,primary_disease,correct,yes,no,本题核心是根据上下肢血压差异和脉搏表现识别主动脉缩窄；matched_topic 与主考点一致，可作为正确心血管/大血管 QA 样本。,LLM relevance note: The question tests identification of a cardiac/vascular diagnosis (coarctation of the aorta) based on blood pressure and pulse findings.
q0373,llm_supervised,LLM primary topic: Cholesterol embolization causing acute kidney injury after cardiac catheterization,angina,Cholesterol embolization syndrome after cardiac catheterization,partial,incorrect,treatment_context,treatment_context_confusion,no,yes,本题核心是心导管术后出现胆固醇栓塞导致急性肾损伤；angina 只是进行心导管检查的临床背景/诱因，不是主考点，因此不纳入核心心血管 QA 数据集。,"LLM relevance note: The question tests a complication related to emergency cardiac catheterization for unstable angina, specifically the cause of the patient’s kidney findings."
q0235,llm_supervised,LLM primary topic: Mitral valve prolapse complications,mitral valve prolapse,Mitral valve prolapse complications,yes,correct,primary_disease,correct,yes,no,本题核心是二尖瓣脱垂的典型体征及相关并发症；matched_topic 与主考点一致，可作为正确心血管 QA 样本。,LLM relevance note: The question describes a classic mitral valve prolapse murmur and asks which complication is not associated with the underlying cardiac condition.
q0274,llm_supervised,LLM primary topic: Cardiac arrest decompensation association,heart failure,Cardiac arrest / Cardiovascular decompensation mechanism,yes,partial,prerequisite,partial_match,yes,yes,本题核心是心脏骤停或复苏过程中循环失代偿相关机制；heart failure 与心脏失代偿相关，但不是完整主考点，因此标为 partial。,"LLM relevance note: The question tests a cardiology-related mechanism/association tied to cardiac arrest and decompensation during resuscitation, with heart failure and cardiac arrest central to the scenario."
q0063,llm_supervised,LLM primary topic: Stable angina prevention via beta-1 adrenergic blockade,coronary artery disease,Stable angina treatment mechanism / Beta-1 blockade in coronary artery disease,yes,partial,primary_disease,partial_match,yes,yes,本题核心是通过 β1 受体阻滞减少心肌耗氧量以预防稳定型心绞痛；coronary artery disease 是核心疾病背景，但真实考点更具体为稳定型心绞痛的药物机制，因此标为 partial。,LLM relevance note: The question tests a cardiology treatment mechanism for preventing exertional chest pain in coronary artery disease (stable angina).
q0498,llm_supervised,LLM primary topic: Peripartum cardiomyopathy/mitral regurgitation mechanism,mitral regurgitation,Peripartum cardiomyopathy with functional mitral regurgitation,yes,partial,manifestation,partial_match,yes,yes,本题核心是围产期心肌病导致心室扩大/瓣环扩张并出现功能性二尖瓣反流及其恢复机制；mitral regurgitation 是关键听诊表现和功能性结果，但不是完整主考点，因此标为 partial。,"LLM relevance note: The question tests the cardiac mechanism behind postpartum auscultation findings and their resolution, focusing on mitral valve/annular changes."
q0472,llm_supervised,LLM primary topic: Post-myocardial infarction cardioprotection/arrhythmia mechanism involving IL-1β and DHA,arrhythmia,Post-myocardial infarction cardioprotection / Arrhythmia mechanism involving IL-1β and DHA,yes,partial,manifestation,partial_match,yes,yes,本题核心是心肌梗死后 IL-1β 与 DHA 相关的心脏保护和心律失常机制；arrhythmia 是相关结局/表现之一，但真实考点更具体为 MI 后心脏保护机制，因此标为 partial。,LLM relevance note: The question tests a cardiology-related conclusion about cardioprotective effects after MI and arrhythmia mechanisms.
q0193,llm_supervised,LLM primary topic: Congenital cardiovascular defect associated with neuromuscular findings,pulmonary embolism,Congenital cardiovascular defect associated with neuromuscular syndrome,yes,incorrect,distractor,vague_topic,yes,yes,本题核心是根据神经肌肉表现判断相关先天性心血管缺陷，并需要超声心动图诊断；pulmonary embolism 与先天性心血管缺陷不一致，属于主题误匹配。,LLM relevance note: The question directly asks which cardiovascular defect the clinician is concerned about and requires echocardiogram-based cardiac diagnosis.
q0040,llm_supervised,LLM primary topic: Infective endocarditis after prosthetic aortic valve replacement (causal organism characteristics),aortic stenosis,Prosthetic valve infective endocarditis / Causative organism characteristics,yes,partial,prerequisite,partial_match,yes,yes,本题核心是主动脉瓣置换术后人工瓣感染性心内膜炎及其致病菌特征；aortic stenosis 是导致主动脉瓣置换的原始瓣膜病背景，不是当前完整主考点，因此标为 partial。,LLM relevance note: The question tests a cardiology-related complication—prosthetic valve endocarditis—and asks about the causative organism.
q0282,llm_supervised,LLM primary topic: Biomarkers/enzymes for diagnosing recurrent myocardial infarction after angioplasty,myocardial infarction,Recurrent myocardial infarction diagnosis / Cardiac biomarkers after angioplasty,yes,partial,primary_disease,partial_match,yes,yes,本题核心是血管成形术后疑似再发心肌梗死时选择合适心肌损伤标志物；myocardial infarction 是核心疾病背景，但真实考点更具体为再梗死的生物标志物诊断，因此标为 partial。,LLM relevance note: The question tests cardiology-specific diagnosis using cardiac enzyme biomarkers in the setting of acute myocardial infarction and recurrent chest pain.
q0150,llm_supervised,LLM primary topic: Heart failure etiology based on pressure-volume relationship,heart failure,Heart failure etiology based on pressure-volume relationship,yes,partial,primary_disease,partial_match,yes,yes,本题核心是根据心导管/左室压力-容量关系判断心衰病因；heart failure 是核心疾病背景，但真实考点更具体为血流动力学机制和病因判断，因此标为 partial。,LLM relevance note: The question tests a cardiology concept—identifying the cause of heart failure using cardiac catheterization/left ventricular pressure-volume findings.
q0424,llm_supervised,LLM primary topic: Congenital heart disease physiology (oxygen tension profiles),mitral regurgitation,Congenital heart disease physiology / Oxygen saturation step-up profile,yes,incorrect,distractor,vague_topic,yes,yes,本题核心是根据儿童全收缩期杂音和氧分压/氧饱和度变化判断先天性心脏病生理；mitral regurgitation 与主考点不一致，属于先心病/血流动力学题中的主题误匹配。,LLM relevance note: The question tests cardiac physiology by asking for oxygen tension profiles in a child with a characteristic holosystolic murmur.
q0321,llm_supervised,LLM primary topic: Peri-procedural management for dental extraction in a patient with prior aortic valve replacement/ischemic heart disease,aortic stenosis,Infective endocarditis prophylaxis before dental procedure after aortic valve replacement,yes,partial,prerequisite,partial_match,yes,yes,本题核心是主动脉瓣置换术后患者拔牙前是否需要感染性心内膜炎预防性处理；aortic stenosis 是导致瓣膜置换的原始背景疾病，但真实主考点是围操作期 IE 预防，因此标为 partial。,"LLM relevance note: The question asks the most appropriate next management step before a procedure in a patient with significant cardiac history (aortic valve replacement/aortic stenosis), indicating a cardiology-related peri-procedural decision."
q0316,llm_supervised,LLM primary topic: Inherited cardiomyopathy genetics (hypertrophic cardiomyopathy) and affected cardiac structures,cardiac arrest,Hypertrophic cardiomyopathy / Sarcomere protein mutation,yes,partial,complication,partial_match,yes,yes,本题核心是遗传性肥厚型心肌病及其受累结构/肌节蛋白突变；cardiac arrest 可作为肥厚型心肌病导致猝死的严重并发结局，但不是完整主考点，因此标为 partial。,LLM relevance note: The question tests a cardiology diagnosis (inherited hypertrophic cardiomyopathy) and the genetic structure affected (sarcomere proteins).
q0453,llm_supervised,LLM primary topic: Management of post–myocardial infarction pericarditis (ECG changes and appropriate treatment),myocardial infarction,Post-myocardial infarction pericarditis / Dressler syndrome management,yes,partial,prerequisite,partial_match,yes,yes,本题核心是心肌梗死后心包炎的 ECG 表现和治疗处理；myocardial infarction 是关键前置事件，但真实主考点是 MI 后心包炎，因此标为 partial。,LLM relevance note: The question tests cardiology diagnosis and treatment based on chest pain after MI with characteristic ECG findings and pericardial signs.
q0441,llm_supervised,LLM primary topic: Eplerenone effects on mortality and cardiovascular outcomes after acute myocardial infarction with left ventricular dysfunction/heart failure,heart failure,Eplerenone after acute myocardial infarction with LV dysfunction / Mortality and cardiovascular outcomes,yes,partial,primary_disease,partial_match,yes,yes,本题核心是急性心肌梗死合并左室功能障碍/心衰后 eplerenone 对死亡率和心血管结局的影响；heart failure 是核心临床背景，但真实考点更具体为药物临床试验结局，因此标为 partial。,LLM relevance note: The question tests interpretation of a cardiology clinical trial evaluating a cardiac drug’s impact on mortality and cardiovascular endpoints.
q0185,llm_supervised,LLM primary topic: Stable angina symptom management in coronary artery disease,coronary artery disease,Stable angina symptom management in coronary artery disease,yes,partial,primary_disease,partial_match,yes,yes,本题核心是冠状动脉疾病/稳定型心绞痛患者劳力性胸痛的症状改善治疗；coronary artery disease 是核心疾病背景，但真实考点更具体为稳定型心绞痛治疗策略，因此标为 partial。,LLM relevance note: The question tests cardiology concepts by asking which intervention will most likely improve exertional chest pain in a patient with coronary artery disease/angina.
q0295,llm_supervised,LLM primary topic: Embolic arterial pathway from atrial fibrillation to gastric necrosis,atrial fibrillation,Atrial fibrillation embolism / Arterial pathway to gastric ischemia,yes,partial,prerequisite,partial_match,yes,yes,本题核心是房颤来源栓子导致胃缺血/坏死时经过的动脉路径；atrial fibrillation 是关键栓塞来源和前置机制，但真实考点更具体为血管解剖路径，因此标为 partial。,LLM relevance note: The question tests the mechanism of embolic occlusion originating from atrial fibrillation and the specific arterial route to the stomach.
q0098,llm_supervised,LLM primary topic: Valvular heart disease diagnosis (murmur/outflow obstruction vs calcification/incompetence),hypertension,Valvular heart disease diagnosis based on murmur and outflow obstruction,yes,incorrect,past_history,past_history_distraction,yes,yes,本题核心是根据杂音、流出道梗阻/瓣膜钙化或关闭不全等线索判断瓣膜性心脏病；hypertension 只是可能的背景危险因素，不是主考点。,LLM relevance note: The question asks for the most likely cardiac diagnosis based on a murmur and ECG/troponin findings with valvular/outflow tract differential options.
q0360,llm_supervised,LLM primary topic: Cause of progressive dyspnea/orthopnea with cardiomyopathy/heart failure findings,pulmonary embolism,Cardiomyopathy / Heart failure causing progressive dyspnea and orthopnea,yes,incorrect,distractor,vague_topic,yes,yes,本题核心是进行性呼吸困难、端坐呼吸、水肿和左室增大等心肌病/心衰表现的病因判断；pulmonary embolism 与主考点不一致，属于心肺症状题中的主题误匹配。,"LLM relevance note: The question asks for the most likely cause of symptoms based on cardiac findings (EKG left ventricular enlargement, edema, orthopnea) and cardiomyopathy/heart failure options."
q0035,llm_supervised,LLM primary topic: Congenital heart anomaly association (Tetralogy of Fallot),pulmonary embolism,Tetralogy of Fallot / Congenital cardiac anomaly association,yes,incorrect,distractor,vague_topic,yes,yes,本题核心是判断与所描述疾病相关的先天性心脏畸形，指向法洛四联症等先心病；pulmonary embolism 与先天性心脏畸形无关，属于主题误匹配。,LLM relevance note: The question explicitly asks which cardiac anomaly is most likely associated with the described condition.
q0023,llm_supervised,LLM primary topic: Initial diagnostic test for a congenital cardiac condition (murmur with cyanosis),tetralogy of Fallot,Tetralogy of Fallot / Initial diagnostic test for cyanotic congenital heart disease,yes,partial,primary_disease,partial_match,yes,yes,本题核心是发绀和杂音提示的先天性心脏病的初始诊断检查；tetralogy of Fallot 是核心疑似诊断，但真实考点更具体为初始检查选择，因此标为 partial。,LLM relevance note: The question tests cardiology by asking the best initial diagnostic test for a suspected cyanotic congenital heart disease based on murmur and cyanosis.
q0338,llm_supervised,LLM primary topic: Perioperative cardiac risk assessment before noncardiac surgery,myocardial infarction,Perioperative cardiac risk assessment before noncardiac surgery,yes,partial,past_history,partial_match,yes,yes,本题核心是非心脏手术前的围术期心脏风险评估；prior MI/angina 是重要风险背景，但不是完整主考点，因此标为 partial。,LLM relevance note: The question asks for the most appropriate next step to assess perioperative cardiac risk in a patient with prior MI/angina and abnormal ECG findings.
q0116,llm_supervised,LLM primary topic: Drug-induced arrhythmia (multifocal ventricular tachycardia),arrhythmia,Drug-induced arrhythmia / Multifocal ventricular tachycardia,yes,partial,primary_disease,partial_match,yes,yes,本题核心是 ECG 记录的多灶性室性心动过速及其诱发药物判断；arrhythmia 是核心疾病类别，但真实考点更具体为药物诱发性心律失常，因此标为 partial。,LLM relevance note: The question tests cardiology concepts involving ECG-documented ventricular tachycardia and selecting the responsible antiarrhythmic drug.
q0395,llm_supervised,LLM primary topic: Cardiac pathology of aortic lesion in donor heart (transplant context),heart failure,Aortic atherosclerotic lesion pathology in donor heart,partial,incorrect,treatment_context,treatment_context_confusion,no,yes,本题核心是移植供体心脏/主动脉腔内病变的病理学判断，可能涉及动脉粥样硬化斑块；heart failure 只是移植场景或治疗背景，不是主考点，因此不纳入核心心血管 QA 数据集。,LLM relevance note: The question tests a cardiology-related pathology finding in the donor heart’s aortic luminal lesion.
q0148,llm_supervised,LLM primary topic: Hypertrophic cardiomyopathy diagnosis in a newborn,heart failure,Hypertrophic cardiomyopathy diagnosis in newborn,yes,partial,manifestation,partial_match,yes,yes,本题核心是根据新生儿心肌肥厚的超声表现判断肥厚型心肌病；heart failure 可作为心肌病导致的临床表现或结果，但不是完整主考点，因此标为 partial。,LLM relevance note: The question tests a cardiac diagnosis based on ultrasound finding of hypertrophied myocardium and cardiomyopathy-related presentation.
q0499,llm_supervised,LLM primary topic: Valvular heart disease diagnosis (aortic stenosis vs other regurgitation/stenosis),hypertension,Aortic stenosis / Valvular heart disease diagnosis,yes,incorrect,past_history,past_history_distraction,yes,yes,本题核心是根据症状和体征判断瓣膜性心脏病，尤其是主动脉瓣狭窄等鉴别；hypertension 只是背景危险因素，不是瓣膜病主考点，因此标为 incorrect。,LLM relevance note: The question asks for the most likely cardiac valvular diagnosis based on symptoms and exam findings.
q0437,llm_supervised,LLM primary topic: Stable angina-related cause of intermittent headaches,angina,Stable angina medication adverse effect / Nitrate-induced headache,partial,partial,treatment_context,partial_match,no,yes,本题核心是稳定型心绞痛患者间歇性头痛的原因，可能与硝酸酯类药物扩血管副作用有关；angina 是用药背景和相关疾病，但真实考点更偏药物不良反应，因此不纳入核心心血管 QA 数据集。,"LLM relevance note: The question centers on a complication/mechanism in a patient with stable angina, requiring a cardiology-linked pathophysiologic explanation."
q0119,llm_supervised,LLM primary topic: Cardiac arrest–related CNS ischemic injury,cardiac arrest,CNS ischemic injury after cardiac arrest,partial,partial,prerequisite,partial_match,no,yes,本题核心是心脏骤停后中枢神经系统缺血损伤的时间和部位；cardiac arrest 是关键前置事件，但真实考点更偏缺血性脑损伤病理生理，因此不纳入核心心血管 QA 数据集。,"LLM relevance note: The question tests physiology of ischemic damage timing/location following cardiac arrest, which is cardiology-related."
q0443,llm_supervised,LLM primary topic: Heart sound (additional sound before S1) and left ventricular compliance/filling physiology,myocardial infarction,S4 heart sound / Decreased left ventricular compliance,yes,partial,prerequisite,partial_match,yes,yes,本题核心是 S1 前额外心音即 S4，以及左室顺应性下降/舒张期充盈异常的机制；myocardial infarction 可作为导致左室顺应性下降的相关心脏背景，但不是完整主考点，因此标为 partial。,LLM relevance note: The question tests interpretation of an abnormal cardiac auscultation finding and its underlying left ventricular mechanical process.
q0051,llm_supervised,LLM primary topic: Heart failure physiology/etiology,hypertension,Heart failure physiology / Etiology based on exam and imaging,yes,partial,past_history,partial_match,yes,yes,本题核心是根据额外心音、端坐呼吸、心电图和胸片判断心衰病因或生理机制；hypertension 是心衰的重要危险因素/背景，但不是完整主考点，因此标为 partial。,"LLM relevance note: The question centers on cardiac exam findings (extra heart sound, orthopnea) and EKG/chest x-ray to determine the cause of the patient’s symptoms, which is a cardiology concept."
q0194,llm_supervised,LLM primary topic: Congenital cardiac condition complications (murmur with rib erosions) leading to risk of right heart failure,aortic stenosis,Coarctation of the aorta / Risk of heart failure if untreated,yes,incorrect,distractor,vague_topic,yes,yes,本题核心是根据杂音、肋骨切迹/肋骨侵蚀等表现判断先天性大血管病变及未治疗风险，整体更符合主动脉缩窄及其并发症；aortic stenosis 与主考点不一致，属于先天性/瓣膜性心血管题中的主题误匹配。,"LLM relevance note: The question tests a cardiology diagnosis and asks about the greatest risk if left untreated, with cardiac exam findings central to the scenario."
q0540,llm_supervised,LLM primary topic: Syncope with systolic murmur—hypertrophic cardiomyopathy vs aortic stenosis,aortic stenosis,Aortic stenosis / Syncope with systolic murmur,yes,correct,primary_disease,correct,yes,no,本题核心是晕厥伴收缩期杂音时判断主动脉瓣狭窄与肥厚型心肌病等鉴别；matched_topic 为 aortic stenosis，若题干最终指向 AS，则与主考点一致，可作为正确心血管 QA 样本。,LLM relevance note: The question tests a cardiology diagnosis based on characteristic murmur findings and syncope.
q0232,llm_supervised,LLM primary topic: Syncope diagnosis (cardiac causes),angina,Cardiac syncope differential diagnosis / Aortic stenosis or hypertrophic cardiomyopathy,yes,incorrect,manifestation,vague_topic,yes,yes,本题核心是反复晕厥的心源性病因鉴别，如主动脉瓣狭窄或肥厚型梗阻性心肌病；angina 只是可能的缺血性胸痛表现或宽泛冠心病线索，不是主考点。,"LLM relevance note: The question tests identification of the most likely diagnosis for recurrent syncope with cardiac differential diagnoses (e.g., aortic stenosis, hypertrophic obstructive cardiomyopathy)."
q0325,llm_supervised,LLM primary topic: Cardiac diagnosis (mitral stenosis) based on murmur characteristics and symptoms of heart failure,pulmonary embolism,Mitral stenosis diagnosis based on murmur and heart failure symptoms,yes,incorrect,distractor,vague_topic,yes,yes,本题核心是根据杂音特点和心衰症状判断二尖瓣狭窄；pulmonary embolism 与主考点不一致，属于心肺症状题中的主题误匹配。,LLM relevance note: The question tests a specific cardiac diagnosis using classic murmur timing/location and heart failure symptoms.
q0427,llm_supervised,LLM primary topic: Etiology of acute decompensated heart failure due to papillary muscle rupture after STEMI,heart failure,Acute mitral regurgitation due to papillary muscle rupture after STEMI,yes,partial,manifestation,partial_match,yes,yes,本题核心是 STEMI 后乳头肌断裂导致急性二尖瓣反流并引起急性失代偿心衰；heart failure 是临床表现/结果，但真实主考点更具体为 MI 后机械并发症，因此标为 partial。,LLM relevance note: The question tests a cardiology mechanism (papillary muscle rupture causing acute decompensated heart failure) following a recent STEMI.
q0186,llm_supervised,LLM primary topic: QT prolongation (cardiac electrophysiology risk) as a medication side effect,angina,Medication-induced QT prolongation / Cardiac electrophysiology adverse effect,partial,incorrect,treatment_context,treatment_context_confusion,no,yes,本题核心是药物副作用导致 QT 间期延长及心电生理风险；angina 只是用药或临床背景，不是主考点，因此不纳入核心心血管 QA 数据集。,LLM relevance note: The question’s tested concept is identifying QT prolongation on EKG as a side effect of the next management step.
q0083,llm_supervised,LLM primary topic: Cardiac catheterization/MI complication risk leading to peripheral ischemic findings,myocardial infarction,Cholesterol embolization syndrome after cardiac catheterization for myocardial infarction,partial,partial,treatment_context,partial_match,no,yes,本题核心是心肌梗死后急诊心导管/支架术后出现外周缺血表现，提示胆固醇栓塞等术后并发症；myocardial infarction 是进行心导管治疗的前置背景，但真实主考点是操作相关并发症，因此不纳入核心心血管 QA 数据集。,"LLM relevance note: The question centers on a complication occurring shortly after emergency cardiac catheterization for myocardial infarction and stent placement, requiring a cardiology-linked risk assessment."
q0189,llm_supervised,LLM primary topic: Cardiac evaluation of syncope with suspected congenital heart disease/right-sided failure,pulmonary embolism,Congenital heart disease or right-sided heart failure evaluation by echocardiography,yes,incorrect,distractor,vague_topic,yes,yes,本题核心是晕厥、心脏症状和杂音背景下通过超声心动图评估先天性心脏病或右心功能异常；pulmonary embolism 与主考点不一致，属于心肺症状题中的主题误匹配。,LLM relevance note: The question tests a cardiology investigation (what echocardiography would detect) in a patient with cardiac symptoms and a murmur.
q0181,llm_supervised,LLM primary topic: Chronic heart failure beta-blocker trial (carvedilol vs metoprolol) and NNT calculation,heart failure,Chronic heart failure beta-blocker trial interpretation / Number needed to treat calculation,partial,partial,calculation_context,calculation_context_confusion,no,yes,本题使用慢性心衰 β 受体阻滞剂试验作为背景，但真实考点是临床试验结果解读和 NNT 计算，偏统计学/循证医学计算，因此不纳入核心心血管 QA 数据集。,"LLM relevance note: The question tests interpretation of a cardiology clinical trial in chronic heart failure and requires calculating number needed to treat from mortality outcomes."
q0107,llm_supervised,LLM primary topic: Valvular heart disease diagnosis (mitral valve pathology),tetralogy of Fallot,Mitral valve disease diagnosis based on cardiac examination,yes,incorrect,distractor,vague_topic,yes,yes,本题核心是根据心脏查体判断特定二尖瓣病变；tetralogy of Fallot 与二尖瓣瓣膜病主考点不一致，属于心脏查体/瓣膜病题中的主题误匹配。,"LLM relevance note: The question asks for the most likely diagnosis based on cardiac examination findings, focusing on a specific mitral valve condition."
q0343,llm_supervised,LLM primary topic: Atrial fibrillation anticoagulation mechanism (factor VII/extrinsic pathway),atrial fibrillation,Atrial fibrillation anticoagulation mechanism / Warfarin effect on extrinsic pathway,yes,partial,primary_disease,partial_match,yes,yes,本题核心是房颤患者抗凝降低血栓栓塞风险的机制，涉及凝血因子 VII/外源性凝血通路；atrial fibrillation 是核心疾病背景，但真实考点更具体为抗凝药物机制，因此标为 partial。,LLM relevance note: The question tests a cardiology-related diagnosis (irregularly irregular narrow-complex tachycardia with absent P waves consistent with atrial fibrillation) and the mechanism of an anticoagulant that reduces thromboembolic risk.
q0136,llm_supervised,LLM primary topic: EKG finding associated with acute neurologic presentation (likely cardioembolic stroke),pulmonary embolism,Atrial fibrillation as ECG risk factor for cardioembolic stroke,partial,incorrect,distractor,vague_topic,no,yes,本题核心是急性神经系统表现/疑似心源性栓塞性卒中时，识别增加风险的 ECG 表现，通常指向 atrial fibrillation；pulmonary embolism 与主考点不一致，因此不纳入核心心血管 QA 数据集。,"LLM relevance note: The question asks which EKG finding increases risk for the acute presentation, directly testing a cardiology-related mechanism via cardiac rhythm."
q0359,llm_supervised,LLM primary topic: Mitral stenosis auscultation findings,mitral regurgitation,Mitral stenosis auscultation findings,yes,incorrect,distractor,vague_topic,yes,yes,本题核心是二尖瓣狭窄的听诊表现；mitral regurgitation 与二尖瓣狭窄不同，属于二尖瓣瓣膜病内部的主题误匹配。,LLM relevance note: The question tests a cardiology diagnosis (mitral stenosis) and asks which murmur is expected on auscultation.
q0349,llm_supervised,LLM primary topic: Neonatal cardiac condition treatment (ductus-dependent lesion),tetralogy of Fallot,Ductus-dependent congenital heart disease / Prostaglandin E1 treatment,yes,partial,prerequisite,partial_match,yes,yes,本题核心是新生儿导管依赖型先天性心脏病的治疗，通常涉及使用 PGE1 维持动脉导管开放；tetralogy of Fallot 属于相关发绀型先心病背景，但真实考点更具体为导管依赖病变治疗，因此标为 partial。,"LLM relevance note: The question centers on a newborn with a systolic murmur and respiratory distress, asking which treatment is effective for the underlying cardiac diagnosis."
q0331,llm_supervised,LLM primary topic: Constrictive pericarditis (cause of current condition),heart failure,Constrictive pericarditis / Heart failure-like symptoms,yes,partial,manifestation,partial_match,yes,yes,本题核心是根据心脏体征和影像判断缩窄性心包炎及其病因；heart failure 是临床表现/症状模式，但不是完整主考点，因此标为 partial。,LLM relevance note: The question tests a cardiology diagnosis and mechanism (constrictive pericarditis) based on cardiac findings and imaging.
q0036,llm_supervised,LLM primary topic: Infective endocarditis diagnosis confirmation (aortic valve vegetation/regurgitation),aortic stenosis,Infective endocarditis diagnosis confirmation / Aortic valve vegetation,yes,partial,prerequisite,partial_match,yes,yes,本题核心是通过超声心动图发现主动脉瓣赘生物/反流来确认感染性心内膜炎；aortic stenosis 是瓣膜病背景或相近瓣膜概念，但不是完整主考点，因此标为 partial。,LLM relevance note: The question centers on confirming a cardiac diagnosis of infective endocarditis based on echocardiographic valve findings.
q0311,llm_supervised,LLM primary topic: Cardiac murmur change with squatting (valvular disease/obstructive cardiomyopathy),angina,Dynamic systolic murmur with squatting / Hypertrophic cardiomyopathy or valvular disease,yes,incorrect,manifestation,vague_topic,yes,yes,本题核心是通过蹲下动作导致的收缩期杂音变化判断瓣膜病或梗阻性心肌病；angina 只是胸痛/缺血症状概念，不是主考点。,LLM relevance note: The question tests how a systolic murmur changes with squatting to identify the underlying cardiac diagnosis.
q0473,llm_supervised,LLM primary topic: Prevention of cardiomyopathy/heart failure due to cardiac amyloidosis,hypertension,Cardiac amyloidosis / Prevention of cardiomyopathy and heart failure,yes,incorrect,past_history,past_history_distraction,yes,yes,本题核心是淀粉样变性心脏受累导致心肌病/心衰表现，以及可预防该过程的干预；hypertension 只是背景或错误匹配，不是主考点。,"LLM relevance note: The question centers on preventing a cardiac condition causing heart failure findings (S3, JVD, edema, reduced ejection fraction, mitral regurgitation) and asks which intervention would have prevented it."
q0087,llm_supervised,LLM primary topic: Diastolic dysfunction (heart failure with preserved ejection fraction) etiology,pulmonary embolism,Diastolic dysfunction / Heart failure with preserved ejection fraction,yes,incorrect,distractor,vague_topic,yes,yes,本题核心是舒张功能障碍/HFpEF 的病因判断；pulmonary embolism 与主考点不一致，属于心肺症状题中的主题误匹配。,LLM relevance note: The question tests a cardiology diagnosis (impaired diastolic relaxation) and asks for the likely cardiac cause of symptoms.
q0273,llm_supervised,LLM primary topic: Cardiac contractility drug adverse effects (PDE inhibition),heart failure,Heart failure inotrope mechanism / PDE inhibitor adverse effect,yes,partial,primary_disease,partial_match,yes,yes,本题核心是通过 PDE 抑制改善心肌收缩力的心衰药物及其不良反应；heart failure 是核心临床背景，但真实考点更具体为正性肌力药物机制和副作用，因此标为 partial。,LLM relevance note: The question tests a cardiology treatment mechanism (improving contractility in heart failure) and asks for the drug’s adverse effect.
q0506,llm_supervised,LLM primary topic: Valvular heart disease diagnosis based on murmur characteristics,hypertension,Valvular heart disease diagnosis based on murmur characteristics,yes,incorrect,past_history,past_history_distraction,yes,yes,本题核心是根据特异性心脏杂音和呼吸困难等症状判断瓣膜性心脏病；hypertension 只是背景危险因素，不是主考点。,LLM relevance note: The question asks for the most likely cardiac diagnosis using specific heart murmur findings and symptoms of dyspnea.
q0125,llm_supervised,LLM primary topic: Congenital heart disease/murmur diagnosis (patent ductus arteriosus vs other defects),patent ductus arteriosus,Patent ductus arteriosus / Continuous machinery murmur,yes,correct,primary_disease,correct,yes,no,本题核心是根据新生儿连续性机器样杂音判断动脉导管未闭；matched_topic 与主考点一致，可作为正确心血管/先心病 QA 样本。,"LLM relevance note: The question asks which cardiac finding is most likely based on a continuous murmur in a neonate, directly testing cardiology diagnosis."
q0470,llm_supervised,LLM primary topic: Acute coronary syndrome pathophysiology (thrombus formation over necrotic plaque),coronary artery disease,Acute coronary syndrome pathophysiology / Plaque rupture with thrombus formation,yes,partial,prerequisite,partial_match,yes,yes,本题核心是急性冠脉综合征中坏死/破裂斑块表面血栓形成导致急性冠脉闭塞的机制；coronary artery disease 是核心疾病背景，但真实考点更具体为 ACS 的病理生理机制，因此标为 partial。,LLM relevance note: The question tests a cardiology-specific pathophysiologic mechanism underlying an acute coronary occlusion and thrombus formation.
q0236,llm_supervised,LLM primary topic: Pulmonary embolism risk stratification (modified Wells scoring),pulmonary embolism,Pulmonary embolism risk stratification / Modified Wells score,yes,partial,primary_disease,partial_match,yes,yes,本题核心是使用 modified Wells score 对肺栓塞进行临床概率评估；pulmonary embolism 是核心疾病背景，但真实考点更具体为风险分层评分，因此标为 partial。,"LLM relevance note: The question tests clinical probability assessment for pulmonary embolism using a Wells scoring system, which is a cardiopulmonary thromboembolic diagnosis."
q0476,llm_supervised,LLM primary topic: Cardiac valvular disease causing syncope (mid-diastolic murmur),cardiac arrest,Valvular heart disease causing syncope / Mid-diastolic murmur diagnosis,yes,incorrect,manifestation,vague_topic,yes,yes,本题核心是根据晕厥和舒张中期杂音判断瓣膜性心脏病；cardiac arrest 只是严重心血管事件/结局概念，不是当前主考点，因此标为 incorrect。,"LLM relevance note: The question asks for the most likely diagnosis based on a characteristic heart murmur and syncope, which is a cardiology-focused diagnostic concept."
q0138,llm_supervised,LLM primary topic: Aortic stenosis diagnosis (murmur characteristics),aortic stenosis,Aortic stenosis diagnosis based on murmur characteristics,yes,correct,primary_disease,correct,yes,no,本题核心是根据典型心脏杂音特征诊断主动脉瓣狭窄；matched_topic 与主考点一致，可作为正确心血管/瓣膜病 QA 样本。,LLM relevance note: The question directly tests diagnostic support for aortic stenosis based on cardiac murmur findings.
q0327,llm_supervised,LLM primary topic: Congenital heart disease (coarctation of the aorta),tetralogy of Fallot,Coarctation of the aorta / Congenital heart disease diagnosis,yes,incorrect,distractor,vague_topic,yes,yes,本题核心是判断主动脉缩窄等先天性心血管疾病；tetralogy of Fallot 与主动脉缩窄不一致，属于先天性心脏病内部的主题误匹配。,"LLM relevance note: The question asks which cardiac finding is most likely, with options including specific congenital heart defects and matched term coarctation of the aorta."
q0511,llm_supervised,LLM primary topic: Atrial natriuretic peptide effects in congestive heart failure,heart failure,Atrial natriuretic peptide effects in congestive heart failure,yes,partial,primary_disease,partial_match,yes,yes,本题核心是充血性心衰患者中房钠肽的生理作用和治疗相关效应；heart failure 是核心疾病背景，但真实考点更具体为 ANP 的机制，因此标为 partial。,LLM relevance note: The question tests the physiologic and treatment-related effects of atrial natriuretic peptide in a patient with congestive heart failure.
q0285,llm_supervised,LLM primary topic: Infective endocarditis vs myocarditis (cardiac infection diagnosis),valvular heart disease,Infective endocarditis diagnosis / Valvular vegetation and blood cultures,yes,partial,prerequisite,partial_match,yes,yes,本题核心是根据超声心动图和血培养鉴别感染性心内膜炎与心肌炎；valvular heart disease 是心内膜炎相关瓣膜背景或上位概念，但不是完整主考点，因此标为 partial。,"LLM relevance note: The question tests a cardiac diagnosis based on echocardiography findings and blood cultures, distinguishing infective endocarditis from myocarditis."
q0112,llm_supervised,LLM primary topic: Management of cyanotic congenital heart disease presenting with syncope and murmur,tetralogy of Fallot,Tetralogy of Fallot / Acute management of cyanotic spell,yes,partial,primary_disease,partial_match,yes,yes,本题核心是发绀、杂音、晕厥及蹲踞缓解所提示的发绀型先天性心脏病急性处理，常见指向法洛四联症缺氧发作；tetralogy of Fallot 是核心诊断背景，但真实考点更具体为急性管理，因此标为 partial。,LLM relevance note: The question centers on acute management of a likely cyanotic cardiac condition (murmur with cyanosis and squatting response) rather than non-cardiac issues.
q0350,llm_supervised,LLM primary topic: PDE-5/NO-cGMP mechanism causing hypotension after erectile dysfunction medication,coronary artery disease,PDE-5 inhibitor and nitrate interaction / NO-cGMP-mediated hypotension,partial,incorrect,treatment_context,treatment_context_confusion,no,yes,本题核心是勃起功能障碍药物与硝酸酯/NO-cGMP 通路相关导致低血压和晕厥的药理机制；coronary artery disease 只是用药禁忌或心血管病史背景，不是主考点，因此不纳入核心心血管 QA 数据集。,LLM relevance note: The question tests the cardiovascular pharmacologic mechanism (NO–cGMP/PDE-5) underlying syncope and hypotension in the setting of cardiac history.
